{"cameraMode":{"drawMode":0,"name":"Shaded","section":"Shading Mode"},"sceneLighting":true,"audioPlay":false,"sceneViewState":{"m_AlwaysRefresh":false,"showFog":true,"showSkybox":true,"showFlares":true,"showImageEffects":true,"showParticleSystems":true,"showVisualEffectGraphs":true,"m_FxEnabled":true},"in2DMode":false,"pivot":{"x":231.4652099609375,"y":-114.30477142333985,"z":1.9607051610946656},"rotation":{"x":0.16003300249576569,"y":0.6862140893936157,"z":-0.1587909460067749,"w":0.6915844678878784},"size":138.81031799316407,"orthographic":false}